Trawl,MiFish12S r (n),MiFish12S ⍴ (n),LerayCOI r (n),LerayCOI ⍴ (n)
FL23018,0.371 (7),0.502 (7),-0.202 (5),0.111 (5)
FL23019,0.495 (10),*0.696 (10),-0.153 (6),-0.216 (6)
FL23072,*0.734 (10),0.536 (10),0 (0),0 (0)
FL23075,***0.994 (11),**0.748 (11),***0.999 (5),*0.764 (5)
SP23018,***0.984 (13),*0.518 (13),0 (4),0 (4)
SP23019,***0.984 (13),*0.518 (13),0 (5),0 (5)
SP23020,***0.972 (14),0.426 (14),0 (4),0 (4)
SP23088,***0.97 (11),***0.942 (11),-0.447 (4),-0.447 (4)
SP23094,0.079 (12),0.326 (12),0 (6),0 (6)
SP23096,*0.684 (10),0.374 (10),0 (6),0 (6)