Survey,Season,Year,Tow_Number,Region,Stratum,Grid,Date,Start_Latitude,Start_Longitude,End_Latitude,End_Longitude,Starting_Depth(m),End_Depth(m),Mean_Depth(m),Bottom_Water_Temperature(C⁰),Surface_Water_Temperature(C⁰),trawl_id
FL23,Fall,2023,FL_23018,2,4,736,2023-10-02T00:00:00Z,43.46,69.83,43.45,69.84,138.99,132.95,135.97,7.5,15.4,FL23018
FL23,Fall,2023,FL_23019,2,4,733,2023-10-02T00:00:00Z,43.45,69.89,43.44,69.91,151.61,149.41,150.51,7.5,15.6,FL23019
FL23,Fall,2023,FL_23072,5,3,562,2023-10-25T00:00:00Z,44.32,67.55,44.31,67.57,86.87,86.32,86.595,10.8,11.8,FL23072
FL23,Fall,2023,FL_23075,5,3,244,2023-10-26T00:00:00Z,44.48,67.5,44.47,67.51,74.07,73.52,73.795,11.7,12.2,FL23075
SP23,Spring,2023,SP_23018,2,4,707,2023-05-08T00:00:00Z,43.48,69.92,43.47,69.93,127.65,123.26,125.455,8.2,5.8,SP23018
SP23,Spring,2023,SP_23019,2,4,736,2023-05-08T00:00:00Z,43.46,69.83,43.45,69.84,146.3,137.4,141.85,7.6,6.1,SP23019
SP23,Spring,2023,SP_23019,2,4,736,2023-05-08T00:00:00Z,43.46,69.83,43.45,69.84,146.3,137.4,141.85,7.6,6.1,SP23019
SP23,Spring,2023,SP_23020,2,4,733,2023-05-08T00:00:00Z,43.45,69.89,43.44,69.91,147.4,156,151.7,6.3,9.1,SP23020
SP23,Spring,2023,SP_23088,5,4,681,2023-05-30T00:00:00Z,44.22,67.74,44.23,67.73,116.13,108.26,112.195,7.3,8.1,SP23088
SP23,Spring,2023,SP_23094,5,3,370,2023-06-01T00:00:00Z,44.42,67.44,44.41,67.46,81.33,83.76,82.545,7,7.9,SP23094
SP23,Spring,2023,SP_23096,5,3,244,2023-06-01T00:00:00Z,44.48,67.51,44.47,67.52,74.62,79.19,76.905,7.2,8.2,SP23096