Common Name,Taxon,Fish/Invert.,Body Type
Sea Anemone,Actiniaria,Invertebrate,Slimy
Blueback Herring/Alewife/American Shad,*Alosa spp.,Fish,Slimy
Skate Thorny,Amblyraja radiata,Fish,Slimy
Ocean Quahog ,Artica islandica,Invertebrate,Crunchy
Alligatorfish,Aspidophoroides monopterygius,Fish,Slimy
Octopus Spoonarm,Bathypolypus arcticus,Invertebrate,Slimy
Crab Jonah,Cancer borealis,Invertebrate,Crunchy
Crab Atlantic Rock,Cancer irroratus,Invertebrate,Crunchy
Herring Atlantic,Clupea harengus,Fish,Slimy
Shrimp Crangon,Crangon vulgaris,Invertebrate,Crunchy
Wrymouth,Cryptacanthodes maculatus,Fish,Slimy
Comb Jelly,Ctenophora,Invertebrate,Slimy
Northern Cyclocardia,Cyclocardia borealis,Invertebrate,Crunchy
Lumpfish,Cyclopterus lumpus,Fish,Slimy
Skate Barndoor,Dipturus laevis,Fish,Slimy
Squid Long Finned,Doryteuthis pealeii,Invertebrate,Slimy
Fourbeard Rockling,Enchelyopus cimbrius,Fish,Slimy
Krill,Euphausiacea,Invertebrate,Crunchy
Shrimp Dichelo,Dichelopandalus leptocerus,Invertebrate,Crunchy
Cod Atlantic,Gadus morhua,Fish,Slimy
Flounder Atlantic Witch (Gray Sole),Glyptocephalus cynoglossus,Fish,Slimy
Sea Raven,Hemitripterinae,Fish,Slimy
Flounder Fourspot,Hippoglossina oblonga,Fish,Slimy
Plaice American (Dab),Hippoglossoides platessoides,Fish,Slimy
Halibut Atlantic,Hippoglossus hippoglossus,Fish,Slimy
Lobster American,Homarus americanus,Invertebrate,Crunchy
Crab Toad,Hyas coarctatus,Invertebrate,Crunchy
Squid Short-Finned,Illex illecebrosus,Invertebrate,Slimy
Skate Little,Leucoraja erinacea,Fish,Slimy
Monkfish,Lophius americanus,Fish,Slimy
Haddock,Melanogrammus aeglefinus,Fish,Slimy
Hake Silver (Whiting),Merluccius bilinearis,Fish,Slimy
"Longhorn Scuplin, other sculpins",*Myoxocephalus spp.,Fish,Slimy
Star Brittle,Ophiuroidea,Invertebrate,Crunchy
Shrimp Northern ,Pandalus borealis,Invertebrate,Crunchy
Shrimp Montagui,Pandalus montagui,Invertebrate,Crunchy
Sea Pen,Pennatulacea,Invertebrate,Slimy
Butterfish,Peprilus triacanthus,Fish,Slimy
Scallop Sea,Placopecten magellanicus,Invertebrate,Crunchy
Flounder Yellowtail,Pleuronectes ferruginea,Fish,Slimy
Pollock,Pollachius pollachius,Fish,Slimy
Shrimp Norwegian,Pontophilus norvegicus,Invertebrate,Crunchy
Sea Sponges,Porifera spp.,Invertebrate,Slimy
Flounder Winter,Pseudopleuronectes americanus,Fish,Slimy
Flounder Atlantic Windowpane (Sand Dab ),Scophthalmus aquosus,Fish,Slimy
Redfish Acadian Ocean Perch,Sebastes fasciatus,Fish,Slimy
Dogfish Spiny,Squalus acanthias,Fish,Slimy
Hake Atlantic Red,Urophycis chuss,Fish,Slimy
Hake White,Urophycis tenuis,Fish,Slimy