Season,Year,Tow,Region,Date,Start Time,End Time,Start Latitude,Starting Longitude,End Latitude,End Longitude
Spring,2023,SP23018,2,05/08/2023,10:15 AM,10:36 AM,43.48,69.92,43.47,69.93
Spring,2023,SP23019,2,5/8/2023,11:56 AM,12:16 PM,43.46,69.83,43.45,69.84
Spring,2023,SP23020,2,5/8/2023,1:22 PM,1:42 PM,43.45,69.89,43.44,69.91
Spring,2023,SP23088,5,5/30/2023,2:54 PM,3:14 PM,44.22,67.74,44.23,67.73
Spring,2023,SP23094,5,5/30/2023,10:04 AM,10:24 AM,44.42,67.44,44.41,67.46
Spring,2023,SP23096,5,6/1/2023,12:35 PM,12:56 PM,44.48,67.51,44.47,67.52
Fall,2023,FL23018,2,10/02/2023,11:30 AM,11:50 AM,43.46,69.83,43.45,69.84
Fall,2023,FL23019,2,10/02/2023,1:00 PM,1:20 PM,43.45,69.89,43.44,69.91
Fall,2023,FL23020,2,10/25/2023,2:31 PM,2:51 PM,43.48,69.92,43.47,69.93
Fall,2023,FL23072,5,10/25/2023,11:28 AM,11:48 AM,44.32,67.55,44.31,67.57
Fall,2023,FL23075,5,10/26/2023,2:37 PM,2:57 PM,44.48,67.5,44.47,67.51