Primer,Project,Extract_ID,ReadFile,Sample_type,TrawlID,RunID,Platemap_link,PCR_link
LerayCOI,Trawl,TN2,EG401,Top_metaprobe,SP23018,EG301-584,https://drive.google.com/drive/folders/1F175Ecf-4i6CodknemB5bkmez83KNK-L?usp=drive_link,
LerayCOI,Trawl,BN1T1,EG402,Bottom_metaprobe,SP23018,EG301-584,https://drive.google.com/drive/folders/1F175Ecf-4i6CodknemB5bkmez83KNK-L?usp=drive_link,
LerayCOI,Trawl,BN2T1,EG403,Bottom_metaprobe,SP23018,EG301-584,https://drive.google.com/drive/folders/1F175Ecf-4i6CodknemB5bkmez83KNK-L?usp=drive_link,
LerayCOI,Trawl,BN3T1,EG404,Bottom_metaprobe,SP23018,EG301-584,https://drive.google.com/drive/folders/1F175Ecf-4i6CodknemB5bkmez83KNK-L?usp=drive_link,
LerayCOI,Trawl,TN1T2,EG405,Top_metaprobe,SP23019,EG301-584,https://drive.google.com/drive/folders/1F175Ecf-4i6CodknemB5bkmez83KNK-L?usp=drive_link,
LerayCOI,Trawl,TN2T2,EG406,Top_metaprobe,SP23019,EG301-584,https://drive.google.com/drive/folders/1F175Ecf-4i6CodknemB5bkmez83KNK-L?usp=drive_link,
LerayCOI,Trawl,TN3T2,EG407,Top_metaprobe,SP23019,EG301-584,https://drive.google.com/drive/folders/1F175Ecf-4i6CodknemB5bkmez83KNK-L?usp=drive_link,
LerayCOI,Trawl,BN3T2,EG408,Bottom_metaprobe,SP23019,EG301-584,https://drive.google.com/drive/folders/1F175Ecf-4i6CodknemB5bkmez83KNK-L?usp=drive_link,
LerayCOI,Trawl,TN1T3,EG409,Top_metaprobe,SP23020,EG301-584,https://drive.google.com/drive/folders/1F175Ecf-4i6CodknemB5bkmez83KNK-L?usp=drive_link,
LerayCOI,Trawl,TN2T3,EG410,Top_metaprobe,SP23020,EG301-584,https://drive.google.com/drive/folders/1F175Ecf-4i6CodknemB5bkmez83KNK-L?usp=drive_link,
LerayCOI,Trawl,TN3T3,EG411,Top_metaprobe,SP23020,EG301-584,https://drive.google.com/drive/folders/1F175Ecf-4i6CodknemB5bkmez83KNK-L?usp=drive_link,
LerayCOI,Trawl,BN1T3,EG412,Bottom_metaprobe,SP23020,EG301-584,https://drive.google.com/drive/folders/1F175Ecf-4i6CodknemB5bkmez83KNK-L?usp=drive_link,
LerayCOI,Trawl,BN2T3,EG413,Bottom_metaprobe,SP23020,EG301-584,https://drive.google.com/drive/folders/1F175Ecf-4i6CodknemB5bkmez83KNK-L?usp=drive_link,
LerayCOI,Trawl,BN3T3,EG414,Bottom_metaprobe,SP23020,EG301-584,https://drive.google.com/drive/folders/1F175Ecf-4i6CodknemB5bkmez83KNK-L?usp=drive_link,
LerayCOI,Trawl,HRT1,EG415,Top_metaprobe,SP23088,EG301-584,https://drive.google.com/drive/folders/1F175Ecf-4i6CodknemB5bkmez83KNK-L?usp=drive_link,
LerayCOI,Trawl,C1T1,EG416,Bottom_metaprobe,SP23088,EG301-584,https://drive.google.com/drive/folders/1F175Ecf-4i6CodknemB5bkmez83KNK-L?usp=drive_link,
LerayCOI,Trawl,C2T1,EG417,Bottom_metaprobe,SP23088,EG301-584,https://drive.google.com/drive/folders/1F175Ecf-4i6CodknemB5bkmez83KNK-L?usp=drive_link,
LerayCOI,Trawl,C3T1,EG418,Bottom_metaprobe,SP23088,EG301-584,https://drive.google.com/drive/folders/1F175Ecf-4i6CodknemB5bkmez83KNK-L?usp=drive_link,
LerayCOI,Trawl,HR1T2,EG419,Top_metaprobe,SP23094,EG301-584,https://drive.google.com/drive/folders/1F175Ecf-4i6CodknemB5bkmez83KNK-L?usp=drive_link,
LerayCOI,Trawl,HR2T2,EG420,Top_metaprobe,SP23094,EG301-584,https://drive.google.com/drive/folders/1F175Ecf-4i6CodknemB5bkmez83KNK-L?usp=drive_link,
LerayCOI,Trawl,HR3T2,EG421,Top_metaprobe,SP23094,EG301-584,https://drive.google.com/drive/folders/1F175Ecf-4i6CodknemB5bkmez83KNK-L?usp=drive_link,
LerayCOI,Trawl,C1T2,EG422,Bottom_metaprobe,SP23094,EG301-584,https://drive.google.com/drive/folders/1F175Ecf-4i6CodknemB5bkmez83KNK-L?usp=drive_link,
LerayCOI,Trawl,C2T2,EG423,Bottom_metaprobe,SP23094,EG301-584,https://drive.google.com/drive/folders/1F175Ecf-4i6CodknemB5bkmez83KNK-L?usp=drive_link,
LerayCOI,Trawl,C3T2,EG424,Bottom_metaprobe,SP23094,EG301-584,https://drive.google.com/drive/folders/1F175Ecf-4i6CodknemB5bkmez83KNK-L?usp=drive_link,
LerayCOI,Trawl,BN2T3_2,EG425,Bottom_metaprobe,SP23096,EG301-584,https://drive.google.com/drive/folders/1F175Ecf-4i6CodknemB5bkmez83KNK-L?usp=drive_link,
LerayCOI,Trawl,BN3T3_2,EG426,Bottom_metaprobe,SP23096,EG301-584,https://drive.google.com/drive/folders/1F175Ecf-4i6CodknemB5bkmez83KNK-L?usp=drive_link,
LerayCOI,Trawl,C1 6/1,EG427,Bottom_metaprobe,SP23096,EG301-584,https://drive.google.com/drive/folders/1F175Ecf-4i6CodknemB5bkmez83KNK-L?usp=drive_link,
LerayCOI,Trawl,C2 6/1,EG428,Bottom_metaprobe,SP23096,EG301-584,https://drive.google.com/drive/folders/1F175Ecf-4i6CodknemB5bkmez83KNK-L?usp=drive_link,
LerayCOI,Trawl,HR1 FL18,EG429,Top_metaprobe,FL23018,EG301-584,https://drive.google.com/drive/folders/1F175Ecf-4i6CodknemB5bkmez83KNK-L?usp=drive_link,
LerayCOI,Trawl,C1 FL18,EG430,Bottom_metaprobe,FL23018,EG301-584,https://drive.google.com/drive/folders/1F175Ecf-4i6CodknemB5bkmez83KNK-L?usp=drive_link,
LerayCOI,Trawl,BN1 FL18,EG431,Bottom_metaprobe,FL23018,EG301-584,https://drive.google.com/drive/folders/1F175Ecf-4i6CodknemB5bkmez83KNK-L?usp=drive_link,
LerayCOI,Trawl,SFL 18,EG432,Slush,FL23018,EG301-584,https://drive.google.com/drive/folders/1F175Ecf-4i6CodknemB5bkmez83KNK-L?usp=drive_link,
LerayCOI,Trawl,TN1 FL19,EG433,Top_metaprobe,FL23019,EG301-584,https://drive.google.com/drive/folders/1F175Ecf-4i6CodknemB5bkmez83KNK-L?usp=drive_link,
LerayCOI,Trawl,TN2 FL19,EG434,Top_metaprobe,FL23019,EG301-584,https://drive.google.com/drive/folders/1F175Ecf-4i6CodknemB5bkmez83KNK-L?usp=drive_link,
LerayCOI,Trawl,TN3 FL19,EG435,Top_metaprobe,FL23019,EG301-584,https://drive.google.com/drive/folders/1F175Ecf-4i6CodknemB5bkmez83KNK-L?usp=drive_link,
LerayCOI,Trawl,BN1 FL19,EG436,Bottom_metaprobe,FL23019,EG301-584,https://drive.google.com/drive/folders/1F175Ecf-4i6CodknemB5bkmez83KNK-L?usp=drive_link,
LerayCOI,Trawl,BN2 FL19,EG437,Bottom_metaprobe,FL23019,EG301-584,https://drive.google.com/drive/folders/1F175Ecf-4i6CodknemB5bkmez83KNK-L?usp=drive_link,
LerayCOI,Trawl,SFL 19,EG438,Slush,FL23019,EG301-584,https://drive.google.com/drive/folders/1F175Ecf-4i6CodknemB5bkmez83KNK-L?usp=drive_link,
LerayCOI,Trawl,TN3 FL20,EG439,Top_metaprobe,FL23020,EG301-584,https://drive.google.com/drive/folders/1F175Ecf-4i6CodknemB5bkmez83KNK-L?usp=drive_link,
LerayCOI,Trawl,SFL 20,EG440,Slush,FL23020,EG301-584,https://drive.google.com/drive/folders/1F175Ecf-4i6CodknemB5bkmez83KNK-L?usp=drive_link,
LerayCOI,Trawl,HR3 FL72,EG441,Top_metaprobe,FL23072,EG301-584,https://drive.google.com/drive/folders/1F175Ecf-4i6CodknemB5bkmez83KNK-L?usp=drive_link,
LerayCOI,Trawl,SFL 72,EG442,Slush,FL23072,EG301-584,https://drive.google.com/drive/folders/1F175Ecf-4i6CodknemB5bkmez83KNK-L?usp=drive_link,
LerayCOI,Trawl,HR3 FL75,EG443,Top_metaprobe,FL23075,EG301-584,https://drive.google.com/drive/folders/1F175Ecf-4i6CodknemB5bkmez83KNK-L?usp=drive_link,
LerayCOI,Trawl,C1 FL75,EG444,Bottom_metaprobe,FL23075,EG301-584,https://drive.google.com/drive/folders/1F175Ecf-4i6CodknemB5bkmez83KNK-L?usp=drive_link,
LerayCOI,Trawl,C2 FL75,EG445,Bottom_metaprobe,FL23075,EG301-584,https://drive.google.com/drive/folders/1F175Ecf-4i6CodknemB5bkmez83KNK-L?usp=drive_link,
LerayCOI,Trawl,C3 FL75,EG446,Bottom_metaprobe,FL23075,EG301-584,https://drive.google.com/drive/folders/1F175Ecf-4i6CodknemB5bkmez83KNK-L?usp=drive_link,
LerayCOI,Trawl,SFL 75,EG447,Slush,FL23075,EG301-584,https://drive.google.com/drive/folders/1F175Ecf-4i6CodknemB5bkmez83KNK-L?usp=drive_link,
LerayCOI,Trawl,Mock,EG448,mock,NA,EG301-584,https://drive.google.com/drive/folders/1F175Ecf-4i6CodknemB5bkmez83KNK-L?usp=drive_link,
LerayCOI,Trawl,NTC,EG449,positive,NA,EG301-584,https://drive.google.com/drive/folders/1F175Ecf-4i6CodknemB5bkmez83KNK-L?usp=drive_link,
MiFish12S,Trawl,TN1,EG501,Top_metaprobe,SP23018,EG301-584,https://drive.google.com/drive/folders/1F175Ecf-4i6CodknemB5bkmez83KNK-L?usp=drive_link,
MiFish12S,Trawl,TN2,EG502,Top_metaprobe,SP23018,EG301-584,https://drive.google.com/drive/folders/1F175Ecf-4i6CodknemB5bkmez83KNK-L?usp=drive_link,
MiFish12S,Trawl,TN3,EG503,Top_metaprobe,SP23018,EG301-584,https://drive.google.com/drive/folders/1F175Ecf-4i6CodknemB5bkmez83KNK-L?usp=drive_link,
MiFish12S,Trawl,BN1T1,EG504,Bottom_metaprobe,SP23018,EG301-584,https://drive.google.com/drive/folders/1F175Ecf-4i6CodknemB5bkmez83KNK-L?usp=drive_link,
MiFish12S,Trawl,BN2T1,EG505,Bottom_metaprobe,SP23018,EG301-584,https://drive.google.com/drive/folders/1F175Ecf-4i6CodknemB5bkmez83KNK-L?usp=drive_link,
MiFish12S,Trawl,BN3T1,EG506,Bottom_metaprobe,SP23018,EG301-584,https://drive.google.com/drive/folders/1F175Ecf-4i6CodknemB5bkmez83KNK-L?usp=drive_link,
MiFish12S,Trawl,TN1T2,EG507,Top_metaprobe,SP23019,EG301-584,https://drive.google.com/drive/folders/1F175Ecf-4i6CodknemB5bkmez83KNK-L?usp=drive_link,
MiFish12S,Trawl,TN2T2,EG508,Top_metaprobe,SP23019,EG301-584,https://drive.google.com/drive/folders/1F175Ecf-4i6CodknemB5bkmez83KNK-L?usp=drive_link,
MiFish12S,Trawl,TN3T2,EG509,Top_metaprobe,SP23019,EG301-584,https://drive.google.com/drive/folders/1F175Ecf-4i6CodknemB5bkmez83KNK-L?usp=drive_link,
MiFish12S,Trawl,BN1T2,EG510,Bottom_metaprobe,SP23019,EG301-584,https://drive.google.com/drive/folders/1F175Ecf-4i6CodknemB5bkmez83KNK-L?usp=drive_link,
MiFish12S,Trawl,BN2T2,EG511,Bottom_metaprobe,SP23019,EG301-584,https://drive.google.com/drive/folders/1F175Ecf-4i6CodknemB5bkmez83KNK-L?usp=drive_link,
MiFish12S,Trawl,BN3T2,EG512,Bottom_metaprobe,SP23019,EG301-584,https://drive.google.com/drive/folders/1F175Ecf-4i6CodknemB5bkmez83KNK-L?usp=drive_link,
MiFish12S,Trawl,TN1T3,EG513,Top_metaprobe,SP23020,EG301-584,https://drive.google.com/drive/folders/1F175Ecf-4i6CodknemB5bkmez83KNK-L?usp=drive_link,
MiFish12S,Trawl,TN2T3,EG514,Top_metaprobe,SP23020,EG301-584,https://drive.google.com/drive/folders/1F175Ecf-4i6CodknemB5bkmez83KNK-L?usp=drive_link,
MiFish12S,Trawl,TN3T3,EG515,Top_metaprobe,SP23020,EG301-584,https://drive.google.com/drive/folders/1F175Ecf-4i6CodknemB5bkmez83KNK-L?usp=drive_link,
MiFish12S,Trawl,BN1T3,EG516,Bottom_metaprobe,SP23020,EG301-584,https://drive.google.com/drive/folders/1F175Ecf-4i6CodknemB5bkmez83KNK-L?usp=drive_link,
MiFish12S,Trawl,BN2T3,EG517,Bottom_metaprobe,SP23020,EG301-584,https://drive.google.com/drive/folders/1F175Ecf-4i6CodknemB5bkmez83KNK-L?usp=drive_link,
MiFish12S,Trawl,BN3T3,EG518,Bottom_metaprobe,SP23020,EG301-584,https://drive.google.com/drive/folders/1F175Ecf-4i6CodknemB5bkmez83KNK-L?usp=drive_link,
MiFish12S,Trawl,HRT1,EG519,Top_metaprobe,SP23088,EG301-584,https://drive.google.com/drive/folders/1F175Ecf-4i6CodknemB5bkmez83KNK-L?usp=drive_link,
MiFish12S,Trawl,C1T1,EG520,Bottom_metaprobe,SP23088,EG301-584,https://drive.google.com/drive/folders/1F175Ecf-4i6CodknemB5bkmez83KNK-L?usp=drive_link,
MiFish12S,Trawl,C2T1,EG521,Bottom_metaprobe,SP23088,EG301-584,https://drive.google.com/drive/folders/1F175Ecf-4i6CodknemB5bkmez83KNK-L?usp=drive_link,
MiFish12S,Trawl,C3T1,EG522,Bottom_metaprobe,SP23088,EG301-584,https://drive.google.com/drive/folders/1F175Ecf-4i6CodknemB5bkmez83KNK-L?usp=drive_link,
MiFish12S,Trawl,HR1T2,EG523,Top_metaprobe,SP23094,EG301-584,https://drive.google.com/drive/folders/1F175Ecf-4i6CodknemB5bkmez83KNK-L?usp=drive_link,
MiFish12S,Trawl,HR2T2,EG524,Top_metaprobe,SP23094,EG301-584,https://drive.google.com/drive/folders/1F175Ecf-4i6CodknemB5bkmez83KNK-L?usp=drive_link,
MiFish12S,Trawl,HR3T2,EG525,Top_metaprobe,SP23094,EG301-584,https://drive.google.com/drive/folders/1F175Ecf-4i6CodknemB5bkmez83KNK-L?usp=drive_link,
MiFish12S,Trawl,C1T2,EG526,Bottom_metaprobe,SP23094,EG301-584,https://drive.google.com/drive/folders/1F175Ecf-4i6CodknemB5bkmez83KNK-L?usp=drive_link,
MiFish12S,Trawl,C2T2,EG527,Bottom_metaprobe,SP23094,EG301-584,https://drive.google.com/drive/folders/1F175Ecf-4i6CodknemB5bkmez83KNK-L?usp=drive_link,
MiFish12S,Trawl,C3T2,EG528,Bottom_metaprobe,SP23094,EG301-584,https://drive.google.com/drive/folders/1F175Ecf-4i6CodknemB5bkmez83KNK-L?usp=drive_link,
MiFish12S,Trawl,HR1 6/1,EG529,Top_metaprobe,SP23096,EG301-584,https://drive.google.com/drive/folders/1F175Ecf-4i6CodknemB5bkmez83KNK-L?usp=drive_link,
MiFish12S,Trawl,HR3 6/1,EG530,Top_metaprobe,SP23096,EG301-584,https://drive.google.com/drive/folders/1F175Ecf-4i6CodknemB5bkmez83KNK-L?usp=drive_link,
MiFish12S,Trawl,C1 6/1,EG531,Bottom_metaprobe,SP23096,EG301-584,https://drive.google.com/drive/folders/1F175Ecf-4i6CodknemB5bkmez83KNK-L?usp=drive_link,
MiFish12S,Trawl,C2 6/1,EG532,Bottom_metaprobe,SP23096,EG301-584,https://drive.google.com/drive/folders/1F175Ecf-4i6CodknemB5bkmez83KNK-L?usp=drive_link,
MiFish12S,Trawl,C3 6/1,EG533,Bottom_metaprobe,SP23096,EG301-584,https://drive.google.com/drive/folders/1F175Ecf-4i6CodknemB5bkmez83KNK-L?usp=drive_link,
MiFish12S,Trawl,HR1 FL18,EG534,Top_metaprobe,FL23018,EG301-584,https://drive.google.com/drive/folders/1F175Ecf-4i6CodknemB5bkmez83KNK-L?usp=drive_link,
MiFish12S,Trawl,C1 FL18,EG535,Bottom_metaprobe,FL23018,EG301-584,https://drive.google.com/drive/folders/1F175Ecf-4i6CodknemB5bkmez83KNK-L?usp=drive_link,
MiFish12S,Trawl,BN1 FL18,EG536,Bottom_metaprobe,FL23018,EG301-584,https://drive.google.com/drive/folders/1F175Ecf-4i6CodknemB5bkmez83KNK-L?usp=drive_link,
MiFish12S,Trawl,SFL 18,EG537,Slush,FL23018,EG301-584,https://drive.google.com/drive/folders/1F175Ecf-4i6CodknemB5bkmez83KNK-L?usp=drive_link,
MiFish12S,Trawl,TN2 FL19,EG538,Top_metaprobe,FL23019,EG301-584,https://drive.google.com/drive/folders/1F175Ecf-4i6CodknemB5bkmez83KNK-L?usp=drive_link,
MiFish12S,Trawl,TN3 FL19,EG539,Top_metaprobe,FL23019,EG301-584,https://drive.google.com/drive/folders/1F175Ecf-4i6CodknemB5bkmez83KNK-L?usp=drive_link,
MiFish12S,Trawl,BN1 FL19,EG540,Bottom_metaprobe,FL23019,EG301-584,https://drive.google.com/drive/folders/1F175Ecf-4i6CodknemB5bkmez83KNK-L?usp=drive_link,
MiFish12S,Trawl,BN2 FL19,EG541,Bottom_metaprobe,FL23019,EG301-584,https://drive.google.com/drive/folders/1F175Ecf-4i6CodknemB5bkmez83KNK-L?usp=drive_link,
MiFish12S,Trawl,BN3 FL19,EG542,Bottom_metaprobe,FL23019,EG301-584,https://drive.google.com/drive/folders/1F175Ecf-4i6CodknemB5bkmez83KNK-L?usp=drive_link,
MiFish12S,Trawl,BN3 FL20,EG543,Bottom_metaprobe,FL23020,EG301-584,https://drive.google.com/drive/folders/1F175Ecf-4i6CodknemB5bkmez83KNK-L?usp=drive_link,
MiFish12S,Trawl,SFL 72,EG544,Slush,FL23072,EG301-584,https://drive.google.com/drive/folders/1F175Ecf-4i6CodknemB5bkmez83KNK-L?usp=drive_link,
MiFish12S,Trawl,C1 FL75,EG545,Bottom_metaprobe,FL23075,EG301-584,https://drive.google.com/drive/folders/1F175Ecf-4i6CodknemB5bkmez83KNK-L?usp=drive_link,
MiFish12S,Trawl,C2 FL75,EG546,Bottom_metaprobe,FL23075,EG301-584,https://drive.google.com/drive/folders/1F175Ecf-4i6CodknemB5bkmez83KNK-L?usp=drive_link,
MiFish12S,Trawl,SFL 75,EG547,Slush,FL23075,EG301-584,https://drive.google.com/drive/folders/1F175Ecf-4i6CodknemB5bkmez83KNK-L?usp=drive_link,
MiFish12S,Trawl,Mock,EG548,mock,NA,EG301-584,https://drive.google.com/drive/folders/1F175Ecf-4i6CodknemB5bkmez83KNK-L?usp=drive_link,
MiFish12S,Trawl,NTC,EG549,ntc,NA,EG301-584,https://drive.google.com/drive/folders/1F175Ecf-4i6CodknemB5bkmez83KNK-L?usp=drive_link,
Ceph18S,Trawl,HR3T2,EG554,Top_metaprobe,SP23094,EG301-584,https://drive.google.com/drive/folders/1F175Ecf-4i6CodknemB5bkmez83KNK-L?usp=drive_link,
Ceph18S,Trawl,C2T2,EG555,Bottom_metaprobe,SP23094,EG301-584,https://drive.google.com/drive/folders/1F175Ecf-4i6CodknemB5bkmez83KNK-L?usp=drive_link,
Ceph18S,Trawl,C3T2,EG556,Bottom_metaprobe,SP23094,EG301-584,https://drive.google.com/drive/folders/1F175Ecf-4i6CodknemB5bkmez83KNK-L?usp=drive_link,
Ceph18S,Trawl,HR2 6/1,EG557,Top_metaprobe,SP23096,EG301-584,https://drive.google.com/drive/folders/1F175Ecf-4i6CodknemB5bkmez83KNK-L?usp=drive_link,
Ceph18S,Trawl,HR3 6/1,EG558,Top_metaprobe,SP23096,EG301-584,https://drive.google.com/drive/folders/1F175Ecf-4i6CodknemB5bkmez83KNK-L?usp=drive_link,
Ceph18S,Trawl,C1 6/1,EG559,Bottom_metaprobe,SP23096,EG301-584,https://drive.google.com/drive/folders/1F175Ecf-4i6CodknemB5bkmez83KNK-L?usp=drive_link,
Ceph18S,Trawl,C2 6/1,EG560,Bottom_metaprobe,SP23096,EG301-584,https://drive.google.com/drive/folders/1F175Ecf-4i6CodknemB5bkmez83KNK-L?usp=drive_link,
Ceph18S,Trawl,HR1 FL18,EG561,Top_metaprobe,FL23018,EG301-584,https://drive.google.com/drive/folders/1F175Ecf-4i6CodknemB5bkmez83KNK-L?usp=drive_link,
Ceph18S,Trawl,BN1 FL18,EG562,Bottom_metaprobe,FL23018,EG301-584,https://drive.google.com/drive/folders/1F175Ecf-4i6CodknemB5bkmez83KNK-L?usp=drive_link,
Ceph18S,Trawl,SFL 18,EG563,Slush,FL23018,EG301-584,https://drive.google.com/drive/folders/1F175Ecf-4i6CodknemB5bkmez83KNK-L?usp=drive_link,
Ceph18S,Trawl,TN1 FL19,EG564,Top_metaprobe,FL23019,EG301-584,https://drive.google.com/drive/folders/1F175Ecf-4i6CodknemB5bkmez83KNK-L?usp=drive_link,
Ceph18S,Trawl,TN2 FL19,EG565,Top_metaprobe,FL23019,EG301-584,https://drive.google.com/drive/folders/1F175Ecf-4i6CodknemB5bkmez83KNK-L?usp=drive_link,
Ceph18S,Trawl,TN3 FL19,EG566,Top_metaprobe,FL23019,EG301-584,https://drive.google.com/drive/folders/1F175Ecf-4i6CodknemB5bkmez83KNK-L?usp=drive_link,
Ceph18S,Trawl,BN1 FL19,EG567,Bottom_metaprobe,FL23019,EG301-584,https://drive.google.com/drive/folders/1F175Ecf-4i6CodknemB5bkmez83KNK-L?usp=drive_link,
Ceph18S,Trawl,BN2 FL19,EG568,Bottom_metaprobe,FL23019,EG301-584,https://drive.google.com/drive/folders/1F175Ecf-4i6CodknemB5bkmez83KNK-L?usp=drive_link,
Ceph18S,Trawl,BN3 FL19,EG569,Bottom_metaprobe,FL23019,EG301-584,https://drive.google.com/drive/folders/1F175Ecf-4i6CodknemB5bkmez83KNK-L?usp=drive_link,
Ceph18S,Trawl,SFL 19,EG570,Slush,FL23019,EG301-584,https://drive.google.com/drive/folders/1F175Ecf-4i6CodknemB5bkmez83KNK-L?usp=drive_link,
Ceph18S,Trawl,TN1 FL20,EG571,Top_metaprobe,FL23020,EG301-584,https://drive.google.com/drive/folders/1F175Ecf-4i6CodknemB5bkmez83KNK-L?usp=drive_link,
Ceph18S,Trawl,TN3 FL20,EG572,Top_metaprobe,FL23020,EG301-584,https://drive.google.com/drive/folders/1F175Ecf-4i6CodknemB5bkmez83KNK-L?usp=drive_link,
Ceph18S,Trawl,BN1 FL20,EG573,Bottom_metaprobe,FL23020,EG301-584,https://drive.google.com/drive/folders/1F175Ecf-4i6CodknemB5bkmez83KNK-L?usp=drive_link,
Ceph18S,Trawl,BN3 FL20,EG574,Bottom_metaprobe,FL23020,EG301-584,https://drive.google.com/drive/folders/1F175Ecf-4i6CodknemB5bkmez83KNK-L?usp=drive_link,
Ceph18S,Trawl,C1 FL72,EG575,Bottom_metaprobe,FL23072,EG301-584,https://drive.google.com/drive/folders/1F175Ecf-4i6CodknemB5bkmez83KNK-L?usp=drive_link,
Ceph18S,Trawl,C3 FL72,EG576,Bottom_metaprobe,FL23072,EG301-584,https://drive.google.com/drive/folders/1F175Ecf-4i6CodknemB5bkmez83KNK-L?usp=drive_link,
Ceph18S,Trawl,HR1 FL75,EG577,Top_metaprobe,FL23075,EG301-584,https://drive.google.com/drive/folders/1F175Ecf-4i6CodknemB5bkmez83KNK-L?usp=drive_link,
Ceph18S,Trawl,Ceph Mock,EG578,positive,NA,EG301-584,https://drive.google.com/drive/folders/1F175Ecf-4i6CodknemB5bkmez83KNK-L?usp=drive_link,
Ceph18S,Trawl,NTC,EG579,positive,NA,EG301-584,https://drive.google.com/drive/folders/1F175Ecf-4i6CodknemB5bkmez83KNK-L?usp=drive_link,
Ceph18S,Trawl,C1 FL18,EG580,Bottom_metaprobe,FL23018,EG301-584,https://drive.google.com/drive/folders/1F175Ecf-4i6CodknemB5bkmez83KNK-L?usp=drive_link,
Ceph18S,Trawl,HR3 6/1,EG3201,top_metaprobe,SP23096,EG3201-3396,https://docs.google.com/spreadsheets/d/1MmQaMoyilIEJEw7fKQPMBmVxPLC0IDCWhdXbl3kx8D8/edit?usp=sharing,
Ceph18S,Trawl,TN1_FL20,EG3202,top_metaprobe,FL23020,EG3201-3396,https://docs.google.com/spreadsheets/d/1MmQaMoyilIEJEw7fKQPMBmVxPLC0IDCWhdXbl3kx8D8/edit?usp=sharing,
Ceph18S,Trawl,TN3_FL20,EG3203,top_metaprobe,FL23020,EG3201-3396,https://docs.google.com/spreadsheets/d/1MmQaMoyilIEJEw7fKQPMBmVxPLC0IDCWhdXbl3kx8D8/edit?usp=sharing,
Ceph18S,Trawl,BN3_FL20,EG3204,bottom_metaprobe,FL23020,EG3201-3396,https://docs.google.com/spreadsheets/d/1MmQaMoyilIEJEw7fKQPMBmVxPLC0IDCWhdXbl3kx8D8/edit?usp=sharing,
Ceph18S,Trawl,C3_FL72,EG3205,bottom_metaprobe,FL23072,EG3201-3396,https://docs.google.com/spreadsheets/d/1MmQaMoyilIEJEw7fKQPMBmVxPLC0IDCWhdXbl3kx8D8/edit?usp=sharing,
Ceph18S,Trawl,HR1_FL75,EG3206,top_metaprobe,FL23075,EG3201-3396,https://docs.google.com/spreadsheets/d/1MmQaMoyilIEJEw7fKQPMBmVxPLC0IDCWhdXbl3kx8D8/edit?usp=sharing,
Ceph18S,Trawl,HR1_FL72,EG3207,top_metaprobe,FL23072,EG3201-3396,https://docs.google.com/spreadsheets/d/1MmQaMoyilIEJEw7fKQPMBmVxPLC0IDCWhdXbl3kx8D8/edit?usp=sharing,
Ceph18S,Trawl,HR2_FL72,EG3208,top_metaprobe,FL23072,EG3201-3396,https://docs.google.com/spreadsheets/d/1MmQaMoyilIEJEw7fKQPMBmVxPLC0IDCWhdXbl3kx8D8/edit?usp=sharing,
Ceph18S,Trawl,HR3_FL72,EG3209,top_metaprobe,FL23072,EG3201-3396,https://docs.google.com/spreadsheets/d/1MmQaMoyilIEJEw7fKQPMBmVxPLC0IDCWhdXbl3kx8D8/edit?usp=sharing,
Ceph18S,Trawl,TN1,EG3210,top_metaprobe,SP23018,EG3201-3396,https://docs.google.com/spreadsheets/d/1MmQaMoyilIEJEw7fKQPMBmVxPLC0IDCWhdXbl3kx8D8/edit?usp=sharing,
Ceph18S,Trawl,BN3T1,EG3211,bottom_metaprobe,SP23018,EG3201-3396,https://docs.google.com/spreadsheets/d/1MmQaMoyilIEJEw7fKQPMBmVxPLC0IDCWhdXbl3kx8D8/edit?usp=sharing,
Ceph18S,Trawl,TN3T2,EG3212,top_metaprobe,SP23019,EG3201-3396,https://docs.google.com/spreadsheets/d/1MmQaMoyilIEJEw7fKQPMBmVxPLC0IDCWhdXbl3kx8D8/edit?usp=sharing,
Ceph18S,Trawl,TN1T3,EG3213,top_metaprobe,SP23020,EG3201-3396,https://docs.google.com/spreadsheets/d/1MmQaMoyilIEJEw7fKQPMBmVxPLC0IDCWhdXbl3kx8D8/edit?usp=sharing,
Ceph18S,Trawl,C1_FL75,EG3214,bottom_metaprobe,FL23075,EG3201-3396,https://docs.google.com/spreadsheets/d/1MmQaMoyilIEJEw7fKQPMBmVxPLC0IDCWhdXbl3kx8D8/edit?usp=sharing,
Ceph18S,Trawl,C2_FL75,EG3215,bottom_metaprobe,FL23075,EG3201-3396,https://docs.google.com/spreadsheets/d/1MmQaMoyilIEJEw7fKQPMBmVxPLC0IDCWhdXbl3kx8D8/edit?usp=sharing,
Ceph18S,Trawl,HR2 6/1,EG3216,top_metaprobe,SP23096,EG3201-3396,https://docs.google.com/spreadsheets/d/1MmQaMoyilIEJEw7fKQPMBmVxPLC0IDCWhdXbl3kx8D8/edit?usp=sharing,
Ceph18S,Trawl,C1 6/1,EG3217,bottom_metaprobe,SP23096,EG3201-3396,https://docs.google.com/spreadsheets/d/1MmQaMoyilIEJEw7fKQPMBmVxPLC0IDCWhdXbl3kx8D8/edit?usp=sharing,
Ceph18S,Trawl,BN1_FL20,EG3218,bottom_metaprobe,FL23020,EG3201-3396,https://docs.google.com/spreadsheets/d/1MmQaMoyilIEJEw7fKQPMBmVxPLC0IDCWhdXbl3kx8D8/edit?usp=sharing,
Ceph18S,Trawl,TN2,EG3219,top_metaprobe,SP23018,EG3201-3396,https://docs.google.com/spreadsheets/d/1MmQaMoyilIEJEw7fKQPMBmVxPLC0IDCWhdXbl3kx8D8/edit?usp=sharing,
Ceph18S,Trawl,TN3,EG3220,top_metaprobe,SP23018,EG3201-3396,https://docs.google.com/spreadsheets/d/1MmQaMoyilIEJEw7fKQPMBmVxPLC0IDCWhdXbl3kx8D8/edit?usp=sharing,
Ceph18S,Trawl,BN1_T1,EG3221,bottom_metaprobe,SP23018,EG3201-3396,https://docs.google.com/spreadsheets/d/1MmQaMoyilIEJEw7fKQPMBmVxPLC0IDCWhdXbl3kx8D8/edit?usp=sharing,
Ceph18S,Trawl,BN2_T1,EG3222,bottom_metaprobe,SP23018,EG3201-3396,https://docs.google.com/spreadsheets/d/1MmQaMoyilIEJEw7fKQPMBmVxPLC0IDCWhdXbl3kx8D8/edit?usp=sharing,
Ceph18S,Trawl,TN1_T2,EG3223,top_metaprobe,SP23019,EG3201-3396,https://docs.google.com/spreadsheets/d/1MmQaMoyilIEJEw7fKQPMBmVxPLC0IDCWhdXbl3kx8D8/edit?usp=sharing,
Ceph18S,Trawl,TN2_T2,EG3224,top_metaprobe,SP23019,EG3201-3396,https://docs.google.com/spreadsheets/d/1MmQaMoyilIEJEw7fKQPMBmVxPLC0IDCWhdXbl3kx8D8/edit?usp=sharing,
Ceph18S,Trawl,BN1T2,EG3225,bottom_metaprobe,SP23019,EG3201-3396,https://docs.google.com/spreadsheets/d/1MmQaMoyilIEJEw7fKQPMBmVxPLC0IDCWhdXbl3kx8D8/edit?usp=sharing,
Ceph18S,Trawl,BN2T2,EG3226,bottom_metaprobe,SP23019,EG3201-3396,https://docs.google.com/spreadsheets/d/1MmQaMoyilIEJEw7fKQPMBmVxPLC0IDCWhdXbl3kx8D8/edit?usp=sharing,
Ceph18S,Trawl,BN3T2,EG3227,bottom_metaprobe,SP23019,EG3201-3396,https://docs.google.com/spreadsheets/d/1MmQaMoyilIEJEw7fKQPMBmVxPLC0IDCWhdXbl3kx8D8/edit?usp=sharing,
Ceph18S,Trawl,TN2T3,EG3228,top_metaprobe,SP23020,EG3201-3396,https://docs.google.com/spreadsheets/d/1MmQaMoyilIEJEw7fKQPMBmVxPLC0IDCWhdXbl3kx8D8/edit?usp=sharing,
Ceph18S,Trawl,TN3T3,EG3229,top_metaprobe,SP23020,EG3201-3396,https://docs.google.com/spreadsheets/d/1MmQaMoyilIEJEw7fKQPMBmVxPLC0IDCWhdXbl3kx8D8/edit?usp=sharing,
Ceph18S,Trawl,BN1T3,EG3230,bottom_metaprobe,SP23020,EG3201-3396,https://docs.google.com/spreadsheets/d/1MmQaMoyilIEJEw7fKQPMBmVxPLC0IDCWhdXbl3kx8D8/edit?usp=sharing,
Ceph18S,Trawl,BN2T3,EG3231,bottom_metaprobe,SP23020,EG3201-3396,https://docs.google.com/spreadsheets/d/1MmQaMoyilIEJEw7fKQPMBmVxPLC0IDCWhdXbl3kx8D8/edit?usp=sharing,
Ceph18S,Trawl,BN3T3,EG3232,bottom_metaprobe,SP23020,EG3201-3396,https://docs.google.com/spreadsheets/d/1MmQaMoyilIEJEw7fKQPMBmVxPLC0IDCWhdXbl3kx8D8/edit?usp=sharing,
Ceph18S,Trawl,HR1T1,EG3233,top_metaprobe,SP23088,EG3201-3396,https://docs.google.com/spreadsheets/d/1MmQaMoyilIEJEw7fKQPMBmVxPLC0IDCWhdXbl3kx8D8/edit?usp=sharing,
Ceph18S,Trawl,HR1T2,EG3234,top_metaprobe,SP23094,EG3201-3396,https://docs.google.com/spreadsheets/d/1MmQaMoyilIEJEw7fKQPMBmVxPLC0IDCWhdXbl3kx8D8/edit?usp=sharing,
Ceph18S,Trawl,HR3T2,EG3235,top_metaprobe,SP23094,EG3201-3396,https://docs.google.com/spreadsheets/d/1MmQaMoyilIEJEw7fKQPMBmVxPLC0IDCWhdXbl3kx8D8/edit?usp=sharing,
Ceph18S,Trawl,C1T1,EG3236,bottom_metaprobe,SP23088,EG3201-3396,https://docs.google.com/spreadsheets/d/1MmQaMoyilIEJEw7fKQPMBmVxPLC0IDCWhdXbl3kx8D8/edit?usp=sharing,
Ceph18S,Trawl,C2T1,EG3237,bottom_metaprobe,SP23088,EG3201-3396,https://docs.google.com/spreadsheets/d/1MmQaMoyilIEJEw7fKQPMBmVxPLC0IDCWhdXbl3kx8D8/edit?usp=sharing,
Ceph18S,Trawl,C3T1,EG3238,bottom_metaprobe,SP23088,EG3201-3396,https://docs.google.com/spreadsheets/d/1MmQaMoyilIEJEw7fKQPMBmVxPLC0IDCWhdXbl3kx8D8/edit?usp=sharing,
Ceph18S,Trawl,C3_FL75,EG3239,bottom_metaprobe,FL23075,EG3201-3396,https://docs.google.com/spreadsheets/d/1MmQaMoyilIEJEw7fKQPMBmVxPLC0IDCWhdXbl3kx8D8/edit?usp=sharing,
Ceph18S,Trawl,MOCK,EG3240,,,EG3201-3396,https://docs.google.com/spreadsheets/d/1MmQaMoyilIEJEw7fKQPMBmVxPLC0IDCWhdXbl3kx8D8/edit?usp=sharing,
MiFish12S,Trawl,HR3 6/1,EG3241,top_metaprobe,SP23096,EG3201-3396,https://docs.google.com/spreadsheets/d/1MmQaMoyilIEJEw7fKQPMBmVxPLC0IDCWhdXbl3kx8D8/edit?usp=sharing,
MiFish12S,Trawl,TN1_FL20,EG3242,top_metaprobe,FL23020,EG3201-3396,https://docs.google.com/spreadsheets/d/1MmQaMoyilIEJEw7fKQPMBmVxPLC0IDCWhdXbl3kx8D8/edit?usp=sharing,
MiFish12S,Trawl,TN2_FL20,EG3243,top_metaprobe,FL23020,EG3201-3396,https://docs.google.com/spreadsheets/d/1MmQaMoyilIEJEw7fKQPMBmVxPLC0IDCWhdXbl3kx8D8/edit?usp=sharing,
MiFish12S,Trawl,TN3_FL20,EG3244,top_metaprobe,FL23020,EG3201-3396,https://docs.google.com/spreadsheets/d/1MmQaMoyilIEJEw7fKQPMBmVxPLC0IDCWhdXbl3kx8D8/edit?usp=sharing,
MiFish12S,Trawl,BN3_FL20,EG3245,bottom_metaprobe,FL23020,EG3201-3396,https://docs.google.com/spreadsheets/d/1MmQaMoyilIEJEw7fKQPMBmVxPLC0IDCWhdXbl3kx8D8/edit?usp=sharing,
MiFish12S,Trawl,C1_FL72,EG3246,bottom_metaprobe,FL23072,EG3201-3396,https://docs.google.com/spreadsheets/d/1MmQaMoyilIEJEw7fKQPMBmVxPLC0IDCWhdXbl3kx8D8/edit?usp=sharing,
MiFish12S,Trawl,C2_FL72,EG3247,bottom_metaprobe,FL23072,EG3201-3396,https://docs.google.com/spreadsheets/d/1MmQaMoyilIEJEw7fKQPMBmVxPLC0IDCWhdXbl3kx8D8/edit?usp=sharing,
MiFish12S,Trawl,C3_FL72,EG3248,bottom_metaprobe,FL23072,EG3201-3396,https://docs.google.com/spreadsheets/d/1MmQaMoyilIEJEw7fKQPMBmVxPLC0IDCWhdXbl3kx8D8/edit?usp=sharing,
MiFish12S,Trawl,HR1_FL75,EG3249,top_metaprobe,FL23075,EG3201-3396,https://docs.google.com/spreadsheets/d/1MmQaMoyilIEJEw7fKQPMBmVxPLC0IDCWhdXbl3kx8D8/edit?usp=sharing,
MiFish12S,Trawl,HR2_FL75,EG3250,top_metaprobe,FL23075,EG3201-3396,https://docs.google.com/spreadsheets/d/1MmQaMoyilIEJEw7fKQPMBmVxPLC0IDCWhdXbl3kx8D8/edit?usp=sharing,
MiFish12S,Trawl,HR3_FL75,EG3251,top_metaprobe,FL23075,EG3201-3396,https://docs.google.com/spreadsheets/d/1MmQaMoyilIEJEw7fKQPMBmVxPLC0IDCWhdXbl3kx8D8/edit?usp=sharing,
MiFish12S,Trawl,HR1_FL72,EG3252,top_metaprobe,FL23072,EG3201-3396,https://docs.google.com/spreadsheets/d/1MmQaMoyilIEJEw7fKQPMBmVxPLC0IDCWhdXbl3kx8D8/edit?usp=sharing,
MiFish12S,Trawl,HR2_FL72,EG3253,top_metaprobe,FL23072,EG3201-3396,https://docs.google.com/spreadsheets/d/1MmQaMoyilIEJEw7fKQPMBmVxPLC0IDCWhdXbl3kx8D8/edit?usp=sharing,
MiFish12S,Trawl,HR3_FL72,EG3254,top_metaprobe,FL23072,EG3201-3396,https://docs.google.com/spreadsheets/d/1MmQaMoyilIEJEw7fKQPMBmVxPLC0IDCWhdXbl3kx8D8/edit?usp=sharing,
MiFish12S,Trawl,TN1,EG3255,top_metaprobe,SP23018,EG3201-3396,https://docs.google.com/spreadsheets/d/1MmQaMoyilIEJEw7fKQPMBmVxPLC0IDCWhdXbl3kx8D8/edit?usp=sharing,
MiFish12S,Trawl,BN3T1,EG3256,bottom_metaprobe,SP23018,EG3201-3396,https://docs.google.com/spreadsheets/d/1MmQaMoyilIEJEw7fKQPMBmVxPLC0IDCWhdXbl3kx8D8/edit?usp=sharing,
MiFish12S,Trawl,TN3T2,EG3257,top_metaprobe,SP23019,EG3201-3396,https://docs.google.com/spreadsheets/d/1MmQaMoyilIEJEw7fKQPMBmVxPLC0IDCWhdXbl3kx8D8/edit?usp=sharing,
MiFish12S,Trawl,TN1T3,EG3258,top_metaprobe,SP23020,EG3201-3396,https://docs.google.com/spreadsheets/d/1MmQaMoyilIEJEw7fKQPMBmVxPLC0IDCWhdXbl3kx8D8/edit?usp=sharing,
MiFish12S,Trawl,C1_FL75,EG3259,bottom_metaprobe,FL23075,EG3201-3396,https://docs.google.com/spreadsheets/d/1MmQaMoyilIEJEw7fKQPMBmVxPLC0IDCWhdXbl3kx8D8/edit?usp=sharing,
MiFish12S,Trawl,C2_FL75,EG3260,bottom_metaprobe,FL23075,EG3201-3396,https://docs.google.com/spreadsheets/d/1MmQaMoyilIEJEw7fKQPMBmVxPLC0IDCWhdXbl3kx8D8/edit?usp=sharing,
MiFish12S,Trawl,BN1_FL18,EG3261,bottom_metaprobe,FL23018,EG3201-3396,https://docs.google.com/spreadsheets/d/1MmQaMoyilIEJEw7fKQPMBmVxPLC0IDCWhdXbl3kx8D8/edit?usp=sharing,
MiFish12S,Trawl,MOCK,EG3262,,,EG3201-3396,https://docs.google.com/spreadsheets/d/1MmQaMoyilIEJEw7fKQPMBmVxPLC0IDCWhdXbl3kx8D8/edit?usp=sharing,
MiFish12S,Trawl,NTC,EG3263,,,EG3201-3396,https://docs.google.com/spreadsheets/d/1MmQaMoyilIEJEw7fKQPMBmVxPLC0IDCWhdXbl3kx8D8/edit?usp=sharing,
Ceph18S,Trawl,NTC,EG3264,,,EG3201-3396,https://docs.google.com/spreadsheets/d/1MmQaMoyilIEJEw7fKQPMBmVxPLC0IDCWhdXbl3kx8D8/edit?usp=sharing,
LerayCOI,Trawl,HR1 6/1,EG3335,top_metaprobe,SP23096,EG3201-3396,https://docs.google.com/spreadsheets/d/1MmQaMoyilIEJEw7fKQPMBmVxPLC0IDCWhdXbl3kx8D8/edit?usp=sharing,
LerayCOI,Trawl,HR2 6/1,EG3336,top_metaprobe,SP23096,EG3201-3396,https://docs.google.com/spreadsheets/d/1MmQaMoyilIEJEw7fKQPMBmVxPLC0IDCWhdXbl3kx8D8/edit?usp=sharing,
LerayCOI,Trawl,HR3 6/1,EG3337,top_metaprobe,SP23096,EG3201-3396,https://docs.google.com/spreadsheets/d/1MmQaMoyilIEJEw7fKQPMBmVxPLC0IDCWhdXbl3kx8D8/edit?usp=sharing,
LerayCOI,Trawl,BN1_FL20,EG3338,bottom_metaprobe,FL23020,EG3201-3396,https://docs.google.com/spreadsheets/d/1MmQaMoyilIEJEw7fKQPMBmVxPLC0IDCWhdXbl3kx8D8/edit?usp=sharing,
LerayCOI,Trawl,BN2_FL20,EG3339,bottom_metaprobe,FL23020,EG3201-3396,https://docs.google.com/spreadsheets/d/1MmQaMoyilIEJEw7fKQPMBmVxPLC0IDCWhdXbl3kx8D8/edit?usp=sharing,
LerayCOI,Trawl,BN3_FL20,EG3340,bottom_metaprobe,FL23020,EG3201-3396,https://docs.google.com/spreadsheets/d/1MmQaMoyilIEJEw7fKQPMBmVxPLC0IDCWhdXbl3kx8D8/edit?usp=sharing,
LerayCOI,Trawl,C1_FL72,EG3341,bottom_metaprobe,FL23072,EG3201-3396,https://docs.google.com/spreadsheets/d/1MmQaMoyilIEJEw7fKQPMBmVxPLC0IDCWhdXbl3kx8D8/edit?usp=sharing,
LerayCOI,Trawl,C2_FL72,EG3342,bottom_metaprobe,FL23072,EG3201-3396,https://docs.google.com/spreadsheets/d/1MmQaMoyilIEJEw7fKQPMBmVxPLC0IDCWhdXbl3kx8D8/edit?usp=sharing,
LerayCOI,Trawl,C3_FL72,EG3343,bottom_metaprobe,FL23072,EG3201-3396,https://docs.google.com/spreadsheets/d/1MmQaMoyilIEJEw7fKQPMBmVxPLC0IDCWhdXbl3kx8D8/edit?usp=sharing,
LerayCOI,Trawl,BN3_T1,EG3344,bottom_metaprobe,SP23018,EG3201-3396,https://docs.google.com/spreadsheets/d/1MmQaMoyilIEJEw7fKQPMBmVxPLC0IDCWhdXbl3kx8D8/edit?usp=sharing,
LerayCOI,Trawl,TN2T2,EG3345,top_metaprobe,SP23019,EG3201-3396,https://docs.google.com/spreadsheets/d/1MmQaMoyilIEJEw7fKQPMBmVxPLC0IDCWhdXbl3kx8D8/edit?usp=sharing,
LerayCOI,Trawl,BN3T2,EG3346,bottom_metaprobe,SP23019,EG3201-3396,https://docs.google.com/spreadsheets/d/1MmQaMoyilIEJEw7fKQPMBmVxPLC0IDCWhdXbl3kx8D8/edit?usp=sharing,
LerayCOI,Trawl,TN1T3,EG3347,top_metaprobe,SP23020,EG3201-3396,https://docs.google.com/spreadsheets/d/1MmQaMoyilIEJEw7fKQPMBmVxPLC0IDCWhdXbl3kx8D8/edit?usp=sharing,
LerayCOI,Trawl,TN2T3,EG3348,top_metaprobe,SP23020,EG3201-3396,https://docs.google.com/spreadsheets/d/1MmQaMoyilIEJEw7fKQPMBmVxPLC0IDCWhdXbl3kx8D8/edit?usp=sharing,
LerayCOI,Trawl,BN1T3,EG3349,bottom_metaprobe,SP23020,EG3201-3396,https://docs.google.com/spreadsheets/d/1MmQaMoyilIEJEw7fKQPMBmVxPLC0IDCWhdXbl3kx8D8/edit?usp=sharing,
LerayCOI,Trawl,BN2T3,EG3350,bottom_metaprobe,SP23020,EG3201-3396,https://docs.google.com/spreadsheets/d/1MmQaMoyilIEJEw7fKQPMBmVxPLC0IDCWhdXbl3kx8D8/edit?usp=sharing,
LerayCOI,Trawl,BN3T3,EG3351,bottom_metaprobe,SP23020,EG3201-3396,https://docs.google.com/spreadsheets/d/1MmQaMoyilIEJEw7fKQPMBmVxPLC0IDCWhdXbl3kx8D8/edit?usp=sharing,
LerayCOI,Trawl,C1_FL18,EG3352,bottom_metaprobe,FL23018,EG3201-3396,https://docs.google.com/spreadsheets/d/1MmQaMoyilIEJEw7fKQPMBmVxPLC0IDCWhdXbl3kx8D8/edit?usp=sharing,
LerayCOI,Trawl,BN1_FL18,EG3353,bottom_metaprobe,FL23018,EG3201-3396,https://docs.google.com/spreadsheets/d/1MmQaMoyilIEJEw7fKQPMBmVxPLC0IDCWhdXbl3kx8D8/edit?usp=sharing,
LerayCOI,Trawl,SFL18,EG3354,slush,FL23018,EG3201-3396,https://docs.google.com/spreadsheets/d/1MmQaMoyilIEJEw7fKQPMBmVxPLC0IDCWhdXbl3kx8D8/edit?usp=sharing,
LerayCOI,Trawl,BN2_FL19,EG3355,bottom_metaprobe,FL23019,EG3201-3396,https://docs.google.com/spreadsheets/d/1MmQaMoyilIEJEw7fKQPMBmVxPLC0IDCWhdXbl3kx8D8/edit?usp=sharing,
LerayCOI,Trawl,SFL19,EG3356,slush,FL23019,EG3201-3396,https://docs.google.com/spreadsheets/d/1MmQaMoyilIEJEw7fKQPMBmVxPLC0IDCWhdXbl3kx8D8/edit?usp=sharing,
LerayCOI,Trawl,TN3_FL20,EG3357,top_metaprobe,FL23020,EG3201-3396,https://docs.google.com/spreadsheets/d/1MmQaMoyilIEJEw7fKQPMBmVxPLC0IDCWhdXbl3kx8D8/edit?usp=sharing,
LerayCOI,Trawl,HR3_FL72,EG3358,top_metaprobe,FL23072,EG3201-3396,https://docs.google.com/spreadsheets/d/1MmQaMoyilIEJEw7fKQPMBmVxPLC0IDCWhdXbl3kx8D8/edit?usp=sharing,
LerayCOI,Trawl,HR1FL75,EG3360,top_metaprobe,FL23075,EG3201-3396,https://docs.google.com/spreadsheets/d/1MmQaMoyilIEJEw7fKQPMBmVxPLC0IDCWhdXbl3kx8D8/edit?usp=sharing,
LerayCOI,Trawl,C3FL75,EG3361,bottom_metaprobe,FL23075,EG3201-3396,https://docs.google.com/spreadsheets/d/1MmQaMoyilIEJEw7fKQPMBmVxPLC0IDCWhdXbl3kx8D8/edit?usp=sharing,
LerayCOI,Trawl,MOCK,EG3363,,,EG3201-3396,https://docs.google.com/spreadsheets/d/1MmQaMoyilIEJEw7fKQPMBmVxPLC0IDCWhdXbl3kx8D8/edit?usp=sharing,
LerayCOI,Trawl,NTC,EG3364,,,EG3201-3396,https://docs.google.com/spreadsheets/d/1MmQaMoyilIEJEw7fKQPMBmVxPLC0IDCWhdXbl3kx8D8/edit?usp=sharing,
MiFish12S,Trawl,NTC,EG3263,negative,NA,EG3201-3396,,
MiFish12S,Trawl,NTC,EG3264,negative,NA,EG3201-3396,,